Arucotag time, tag1 xyz, tag2 xyz, tag1 rollpitchyaw (xyz), tag2 -- xyz zerod averaged -- expo weight; 2.45177817345; -0.04999491953875375; -0.04999827375957885; -0.04998484097500393; -0.049997912849504285; -0.04999783039709182; -0.04999774143964121; -2.9263459708856496; 6.376506699904999; 16.450656261709113; -2.1966163347046637; -5.002116578462079; 11.976121342346854; -0.04999641619412902; -0.04999805207833533; -0.04999129120732257; -2.5614811527951566; 0.6871950607214599; 14.213388802027984;0.2 
Arucotag time, tag1 xyz, tag2 xyz, tag1 rollpitchyaw (xyz), tag2 -- xyz zerod averaged -- expo weight; 2.48804306984; -0.050014237886110195; -0.05000113388776272; -0.05004588829410109; -0.05000846202156685; -0.050007955132965125; -0.04998043744496864; -6.174647056819242; 13.239914408110593; 34.07393415191356; -4.612507954779639; -10.358741298547239; 24.682326660570066; -0.05001134995383852; -0.05000454451036392; -0.05001316286953486; -5.39357750579944; 1.4405865547816772; 29.378130406241816;0.2 
Arucotag time, tag1 xyz, tag2 xyz, tag1 rollpitchyaw (xyz), tag2 -- xyz zerod averaged -- expo weight; 2.5276620388; -0.049975057261627535; -0.0500019674817446; -0.049925639953689024; -0.049996572802478316; -0.04999552287334; -0.049950465330854454; -8.652136378397664; 18.625677484131465; 48.02008761658437; -6.533689620534823; -14.564832107199699; 34.82567108222347; -0.049985815032052926; -0.0499987451775423; -0.04993805264227174; -7.592912999466243; 2.030422688465883; 41.42287934940392;0.2 
Arucotag time, tag1 xyz, tag2 xyz, tag1 rollpitchyaw (xyz), tag2 -- xyz zerod averaged -- expo weight; 2.56677007675; -0.04999491953875375; -0.04999827375957885; -0.04998484097500393; -0.049997912849504285; -0.04999783039709182; -0.04999774143964121; -10.707425338022322; 22.96632661981033; 59.23767636353437; -8.06644613437141; -18.034668962002776; 42.96482943370115; -0.04999641619412902; -0.04999805207833533; -0.04999129120732257; -9.386935736196865; 2.4658288289037777; 51.10125289861776;0.2 
Arucotag time, tag1 xyz, tag2 xyz, tag1 rollpitchyaw (xyz), tag2 -- xyz zerod averaged -- expo weight; 2.60701107979; -0.04997787902045702; -0.05000586779120047; -0.049967844861382005; -0.0500268074615738; -0.05002200656277588; -0.05008672116146974; -12.289106532857193; 26.5032079522432; 68.13821360251369; -9.364333206312178; -20.932475991441176; 49.444226990918054; -0.05000234324101541; -0.050013937176988175; -0.05002728301142587; -10.826719869584686; 2.7853659804010125; 58.79122029671587;0.2 
Arucotag time, tag1 xyz, tag2 xyz, tag1 rollpitchyaw (xyz), tag2 -- xyz zerod averaged -- expo weight; 2.64702510834; -0.050014237886110195; -0.05000113388776272; -0.05004588829410109; -0.049997912849504285; -0.04999783039709182; -0.04999774143964121; -13.664855506396476; 29.341275409981158; 75.42398002455722; -10.330961002993293; -23.12878406939596; 54.65967416065682; -0.05000607536780724; -0.04999948214242727; -0.05002181486687115; -11.997908254694885; 3.1062456702925996; 65.04182709260702;0.2 
Arucotag time, tag1 xyz, tag2 xyz, tag1 rollpitchyaw (xyz), tag2 -- xyz zerod averaged -- expo weight; 2.68801808357; -0.049975057261627535; -0.0500019674817446; -0.049925639953689024; -0.049997912849504285; -0.04999783039709182; -0.04999774143964121; -14.644303138059453; 31.50676628562792; 81.10012431469929; -11.104263240338183; -24.885830531759787; 58.83203189644783; -0.04998648505556591; -0.04999989893941821; -0.04996169069666512; -12.874283189198817; 3.310467876934066; 69.96607810557356;0.2 
Arucotag time, tag1 xyz, tag2 xyz, tag1 rollpitchyaw (xyz), tag2 -- xyz zerod averaged -- expo weight; 2.72766518593; -0.049975057261627535; -0.0500019674817446; -0.049925639953689024; -0.049997266468528645; -0.05000481562777448; -0.049998921215149275; -15.427861243389835; 33.23915898614533; 85.64103974681294; -11.66942464001477; -26.23926302061385; 62.17989735668136; -0.049986161865078094; -0.05000339155475954; -0.04996228058441915; -13.548642941702301; 3.499947982765738; 73.91046855174714;0.2 
Arucotag time, tag1 xyz, tag2 xyz, tag1 rollpitchyaw (xyz), tag2 -- xyz zerod averaged -- expo weight; 2.76783800125; -0.04999491953875375; -0.04999827375957885; -0.04998484097500393; -0.05000912654627938; -0.05001719466973914; -0.05002869516678211; -16.12800523001606; 34.657111821421424; 89.33443806771723; -12.13311438848238; -27.400520949196842; 64.8799660582254; -0.050002023042516566; -0.050007734214659; -0.05000676807089302; -14.13055980924922; 3.6282954361122908; 77.10720206297131;0.2 
Arucotag time, tag1 xyz, tag2 xyz, tag1 rollpitchyaw (xyz), tag2 -- xyz zerod averaged -- expo weight; 2.80714201927; -0.049975057261627535; -0.0500019674817446; -0.049925639953689024; -0.04999815787932463; -0.050005080670466405; -0.0500347290273103; -16.61482291695512; 35.75943541478013; 92.22849074922729; -12.61929867239648; -28.312991925752968; 66.95129333188913; -0.049986607570476085; -0.050003524076105504; -0.049980184490499666; -14.617060794675801; 3.7232217445135802; 79.58989204055821;0.2 
Arucotag time, tag1 xyz, tag2 xyz, tag1 rollpitchyaw (xyz), tag2 -- xyz zerod averaged -- expo weight; 2.84667611122; -0.049975057261627535; -0.0500019674817446; -0.049925639953689024; -0.049996572802478316; -0.04999552287334; -0.049950465330854454; -17.00427706650637; 36.6412942894671; 94.54373289443535; -12.939122194628297; -28.928232608964283; 68.64084441927874; -0.049985815032052926; -0.0499987451775423; -0.04993805264227174; -14.971699630567333; 3.8565308402514074; 81.59228865685705;0.2 
Arucotag time, tag1 xyz, tag2 xyz, tag1 rollpitchyaw (xyz), tag2 -- xyz zerod averaged -- expo weight; 2.88870501518; -0.050014237886110195; -0.05000113388776272; -0.05004588829410109; -0.049997912849504285; -0.04999783039709182; -0.04999774143964121; -17.436991933315817; 37.45174447976027; 96.54839545809455; -13.190792193646187; -29.525389363414444; 70.01696810334536; -0.05000607536780724; -0.04999948214242727; -0.05002181486687115; -15.313892063481003; 3.963177558172914; 83.28268178071995;0.2 
Arucotag time, tag1 xyz, tag2 xyz, tag1 rollpitchyaw (xyz), tag2 -- xyz zerod averaged -- expo weight; 2.92770504951; -0.049975057261627535; -0.0500019674817446; -0.049925639953689024; -0.049996572802478316; -0.04999552287334; -0.049950465330854454; -17.662012279594926; 37.99514154145121; 97.99965666152916; -13.396317011628062; -29.898150559093462; 71.09338423644373; -0.049985815032052926; -0.0499987451775423; -0.04993805264227174; -15.529164645611495; 4.048495491178874; 84.54652044898644;0.2 
Arucotag time, tag1 xyz, tag2 xyz, tag1 rollpitchyaw (xyz), tag2 -- xyz zerod averaged -- expo weight; 2.9673371315; -0.049975057261627535; -0.0500019674817446; -0.049925639953689024; -0.049996572802478316; -0.04999552287334; -0.049950465330854454; -17.842028556618214; 38.42985919080396; 99.16066562427685; -13.560736866013562; -30.19635951563668; 71.95451714292241; -0.049985815032052926; -0.0499987451775423; -0.04993805264227174; -15.701382711315887; 4.11674983758364; 85.55759138359963;0.2 
Arucotag time, tag1 xyz, tag2 xyz, tag1 rollpitchyaw (xyz), tag2 -- xyz zerod averaged -- expo weight; 3.00842404366; -0.049975057261627535; -0.0500019674817446; -0.049925639953689024; -0.049997912849504285; -0.04999783039709182; -0.04999774143964121; -17.986041578236843; 38.77763331028616; 100.08947279447499; -13.6880839307544; -30.53989088875236; 72.6679062822603; -0.04998648505556591; -0.04999989893941821; -0.04996169069666512; -15.837062754495623; 4.118871210766901; 86.37868953836764;0.2 
Arucotag time, tag1 xyz, tag2 xyz, tag1 rollpitchyaw (xyz), tag2 -- xyz zerod averaged -- expo weight; 3.04943323135; -0.050014237886110195; -0.05000113388776272; -0.05004588829410109; -0.049997912849504285; -0.04999783039709182; -0.04999774143964121; -18.222403542700196; 39.160815696415526; 100.98498737812626; -13.78996158254707; -30.814715987244902; 73.23861759373062; -0.05000607536780724; -0.04999948214242727; -0.05002181486687115; -16.006182562623632; 4.173049854585312; 87.11180248592845;0.2 
Arucotag time, tag1 xyz, tag2 xyz, tag1 rollpitchyaw (xyz), tag2 -- xyz zerod averaged -- expo weight; 3.08740520477; -0.050014237886110195; -0.05000113388776272; -0.05004588829410109; -0.049997912849504285; -0.04999783039709182; -0.04999774143964121; -18.41149311427088; 39.46736160531901; 101.70139904504728; -13.871463703981204; -31.034576066038944; 73.69518664290688; -0.05000607536780724; -0.04999948214242727; -0.05002181486687115; -16.14147840912604; 4.216392769640034; 87.69829284397707;0.2 
Arucotag time, tag1 xyz, tag2 xyz, tag1 rollpitchyaw (xyz), tag2 -- xyz zerod averaged -- expo weight; 3.13014602661; -0.050014237886110195; -0.05000113388776272; -0.05004588829410109; -0.049997912849504285; -0.04999783039709182; -0.04999774143964121; -18.562764771527423; 39.7125983324418; 102.2745283785841; -13.936665401128513; -31.210464129074175; 74.06044188224789; -0.05000607536780724; -0.04999948214242727; -0.05002181486687115; -16.249715086327967; 4.251067101683812; 88.167485130416;0.2 
Arucotag time, tag1 xyz, tag2 xyz, tag1 rollpitchyaw (xyz), tag2 -- xyz zerod averaged -- expo weight; 3.16955018044; -0.049975057261627535; -0.0500019674817446; -0.049925639953689024; -0.05000978251254567; -0.05001026702414109; -0.05002763107010119; -18.56263055016421; 39.803824623596434; 102.5805629979208; -13.999838285591048; -31.42935428861842; 74.37456270431929; -0.0499924198870866; -0.05000611725294284; -0.04997663551189511; -16.28123441787763; 4.187235167489007; 88.47756285112004;0.2 
Arucotag time, tag1 xyz, tag2 xyz, tag1 rollpitchyaw (xyz), tag2 -- xyz zerod averaged -- expo weight; 3.20779109001; -0.050014237886110195; -0.05000113388776272; -0.05004588829410109; -0.049997912849504285; -0.04999783039709182; -0.04999774143964121; -18.68367472024209; 39.98176874706374; 102.9778595408829; -14.039365066416389; -31.52628670713775; 74.6039427313778; -0.05000607536780724; -0.04999948214242727; -0.05002181486687115; -16.36151989332924; 4.227741019962995; 88.79090113613034;0.2 
Arucotag time, tag1 xyz, tag2 xyz, tag1 rollpitchyaw (xyz), tag2 -- xyz zerod averaged -- expo weight; 3.24757599831; -0.05001683871590245; -0.05000498048508567; -0.05008698972877535; -0.049997912849504285; -0.04999783039709182; -0.04999774143964121; -18.79140027288092; 40.21825581143636; 103.28306762910778; -14.070986491076662; -31.60383264195322; 74.78744675302462; -0.05000737578270337; -0.05000140544108875; -0.050042365584208284; -16.43119338197879; 4.3072115847415695; 89.0352571910662;0.2 
Arucotag time, tag1 xyz, tag2 xyz, tag1 rollpitchyaw (xyz), tag2 -- xyz zerod averaged -- expo weight; 3.28830122948; -0.04999491953875375; -0.04999827375957885; -0.04998484097500393; -0.050015057491552474; -0.05000966022049514; -0.050057212985262875; -18.818836453608927; 40.24038928165425; 103.4480603735531; -14.157284618433607; -31.710375455654933; 74.88047286356093; -0.050004988515153115; -0.050003966990036994; -0.0500210269801334; -16.488060536021266; 4.2650069129996595; 89.16426661855701;0.2 
Arucotag time, tag1 xyz, tag2 xyz, tag1 rollpitchyaw (xyz), tag2 -- xyz zerod averaged -- expo weight; 3.32892012596; -0.049975057261627535; -0.0500019674817446; -0.049925639953689024; -0.049997912849504285; -0.04999783039709182; -0.04999774143964121; -18.767487895829415; 40.226057382966395; 103.519388593896; -14.165322132690436; -31.751103640766964; 75.00867085877113; -0.04998648505556591; -0.04999989893941821; -0.04996169069666512; -16.466405014259927; 4.237476871099716; 89.26402972633356;0.2 
Arucotag time, tag1 xyz, tag2 xyz, tag1 rollpitchyaw (xyz), tag2 -- xyz zerod averaged -- expo weight; 3.36794114113; -0.050033822331517395; -0.049997435400393135; -0.05010442796987366; -0.05000754524732772; -0.050019165591401814; -0.04993351415504623; -18.91948041697665; 40.35003682196925; 103.78882388532222; -14.344818714681514; -31.58797954727961; 74.81480574426043; -0.05002068378942256; -0.050008300495897474; -0.05001897106245995; -16.63214956582908; 4.381028637344819; 89.30181481479133;0.2 
Arucotag time, tag1 xyz, tag2 xyz, tag1 rollpitchyaw (xyz), tag2 -- xyz zerod averaged -- expo weight; 3.40830922127; -0.049975057261627535; -0.0500019674817446; -0.049925639953689024; -0.049997912849504285; -0.04999783039709182; -0.04999774143964121; -18.848003066523592; 40.313775415218394; 103.7919994033113; -14.315349409688762; -31.6531869140667; 74.95613716333071; -0.04998648505556591; -0.04999989893941821; -0.04996169069666512; -16.581676238106176; 4.330294250575847; 89.37406828332101;0.2 
Arucotag time, tag1 xyz, tag2 xyz, tag1 rollpitchyaw (xyz), tag2 -- xyz zerod averaged -- expo weight; 3.4485270977; -0.050033822331517395; -0.049997435400393135; -0.05010442796987366; -0.049997912849504285; -0.04999783039709182; -0.04999774143964121; -18.98389255353199; 40.420211247770844; 104.00691253285446; -14.291773965694558; -31.705352807496375; 75.06920229858694; -0.05001586759051084; -0.049997632898742476; -0.050051084704757436; -16.637833259613274; 4.357429220137234; 89.5380574157207;0.2 
Arucotag time, tag1 xyz, tag2 xyz, tag1 rollpitchyaw (xyz), tag2 -- xyz zerod averaged -- expo weight; 3.52675104141; -0.05003342886769414; -0.0500039264000269; -0.05010664825137684; -0.049997912849504285; -0.04999783039709182; -0.04999774143964121; -19.068215400910685; 40.54619755448656; 104.21037310631733; -14.272913610499197; -31.74708552224012; 75.15965440679193; -0.05001567085859921; -0.05000087839855936; -0.050052194845509025; -16.67056450570494; 4.399556016123221; 89.68501375655464;0.2 
Arucotag time, tag1 xyz, tag2 xyz, tag1 rollpitchyaw (xyz), tag2 -- xyz zerod averaged -- expo weight; 3.56781506538; -0.049975057261627535; -0.0500019674817446; -0.049925639953689024; -0.05000978251254567; -0.05001026702414109; -0.05002763107010119; -18.96699105367082; 40.47070400123224; 104.12923878010739; -14.268836853087596; -31.85865140315117; 75.25393272395453; -0.0499924198870866; -0.05000611725294284; -0.04997663551189511; -16.617913953379208; 4.306026299040536; 89.69158575203096;0.2 
Arucotag time, tag1 xyz, tag2 xyz, tag1 rollpitchyaw (xyz), tag2 -- xyz zerod averaged -- expo weight; 3.60804009438; -0.04998832003453942; -0.04998700260001397; -0.049951340357478564; -0.049997912849504285; -0.04999783039709182; -0.04999774143964121; -18.997060391281543; 40.537019862680545; 104.09128201855106; -14.254563920413625; -31.869724398763957; 75.307438747086; -0.049993116442021854; -0.04999241649855289; -0.04997454089855989; -16.625812155847584; 4.333647731958294; 89.69936038281853;0.2 
Arucotag time, tag1 xyz, tag2 xyz, tag1 rollpitchyaw (xyz), tag2 -- xyz zerod averaged -- expo weight; 3.64739704132; -0.050033822331517395; -0.049997435400393135; -0.05010442796987366; -0.049997912849504285; -0.04999783039709182; -0.04999774143964121; -19.103138413338353; 40.59880680574057; 104.24633862504626; -14.243145574274449; -31.878582795254182; 75.35024356559117; -0.05001586759051084; -0.049997632898742476; -0.050051084704757436; -16.6731419938064; 4.360112005243195; 89.79829109531872;0.2 
Arucotag time, tag1 xyz, tag2 xyz, tag1 rollpitchyaw (xyz), tag2 -- xyz zerod averaged -- expo weight; 3.68781900406; -0.050015793743932065; -0.0499536792438928; -0.04996135695557225; -0.050035216975290654; -0.04997176070611015; -0.05003575151180451; -19.034815921147466; 40.619662711069225; 104.15739236571191; -14.101168401897283; -31.83357731501355; 75.44921961408198; -0.05002550535961136; -0.04996271997500147; -0.04999855423368838; -16.567992161522376; 4.393042698027838; 89.80330598989696;0.2 
Arucotag time, tag1 xyz, tag2 xyz, tag1 rollpitchyaw (xyz), tag2 -- xyz zerod averaged -- expo weight; 3.72783613205; -0.050097608508190845; -0.04995914040082108; -0.05009861583827816; -0.05006510418557214; -0.04999401438137372; -0.05004699277010273; -19.117525797411325; 40.67936645516354; 104.27825244034975; -14.194414558362494; -31.946058841162603; 75.30742937725076; -0.05008135634688149; -0.0499765773910974; -0.05007280430419045; -16.65597017788691; 4.366653807000468; 89.79284090880026;0.2 
Arucotag time, tag1 xyz, tag2 xyz, tag1 rollpitchyaw (xyz), tag2 -- xyz zerod averaged -- expo weight; 3.76745319366; -0.05008365002786843; -0.04999688720291453; -0.05011903521916254; -0.05005096049706538; -0.050066085863298845; -0.050037861523737306; -19.225547354551875; 40.72234297829579; 104.33246652940895; -14.23087232022676; -32.03819078256547; 75.27850378031295; -0.0500673052624669; -0.050031486533106684; -0.050078448371449924; -16.72820983738932; 4.34207609786516; 89.80548515486095;0.2 
Arucotag time, tag1 xyz, tag2 xyz, tag1 rollpitchyaw (xyz), tag2 -- xyz zerod averaged -- expo weight; 3.80845308304; -0.05004867719725824; -0.050044805974070704; -0.049988254857466205; -0.050064953433290066; -0.05008659223221413; -0.050040463598373275; -19.170205280199486; 40.5324802022029; 104.31298653501928; -14.312888396307216; -32.17011993893747; 75.16444056320098; -0.05005681531527415; -0.050065699103142416; -0.05001435922791974; -16.74154683825335; 4.181180131632715; 89.73871354911013;0.2 
Arucotag time, tag1 xyz, tag2 xyz, tag1 rollpitchyaw (xyz), tag2 -- xyz zerod averaged -- expo weight; 3.847438097; -0.050134701712610724; -0.05010451759532482; -0.050083356890890884; -0.05010278342181327; -0.05015939660461321; -0.05007135811604475; -19.110562037266718; 40.65487338092351; 104.26792754640496; -14.333109867999786; -32.340126233499525; 75.11028777709323; -0.050118742567211993; -0.05013195709996901; -0.05007735750346781; -16.721835952633253; 4.157373573711993; 89.68910766174909;0.2 
Arucotag time, tag1 xyz, tag2 xyz, tag1 rollpitchyaw (xyz), tag2 -- xyz zerod averaged -- expo weight; 3.89025521278; -0.05017266552790243; -0.0501310538165589; -0.050166108895321734; -0.05013200563384945; -0.050169499670157394; -0.050124147157190685; -19.139294380889243; 40.74718287375339; 104.25439414356701; -14.361481459809008; -32.54205959356546; 75.12660958108947; -0.05015233558087594; -0.050150276743358146; -0.05014512802625621; -16.750387920349127; 4.102561640093963; 89.69050186232823;0.2 
Arucotag time, tag1 xyz, tag2 xyz, tag1 rollpitchyaw (xyz), tag2 -- xyz zerod averaged -- expo weight; 3.92881608009; -0.050199028490969425; -0.050118976275026025; -0.05006991125018266; -0.05020951024346208; -0.05016812752754474; -0.050043386825598335; -19.12717786122705; 40.811897376963714; 104.16938925391702; -14.199197136241548; -32.661294077469954; 75.20586669475932; -0.050204269367215754; -0.05014355190128538; -0.0500566490378905; -16.6631874987343; 4.07530164974688; 89.68762797433817;0.2 
Arucotag time, tag1 xyz, tag2 xyz, tag1 rollpitchyaw (xyz), tag2 -- xyz zerod averaged -- expo weight; 3.96952199936; -0.0503563555734089; -0.05028415787853433; -0.05014285151818697; -0.05033118318927518; -0.05037256488017008; -0.050138336831397845; -18.991327622366665; 40.92402959900999; 104.12021727212048; -14.214030179431468; -33.044234142831606; 75.14365668792526; -0.05034376938134204; -0.050328361379352204; -0.050140594174792406; -16.602678900899065; 3.9398977280891927; 89.63193698002287;0.2 
Arucotag time, tag1 xyz, tag2 xyz, tag1 rollpitchyaw (xyz), tag2 -- xyz zerod averaged -- expo weight; 4.0089700222; -0.05037049824276627; -0.050427444508269775; -0.050207598880374675; -0.050308747497973774; -0.05051258590706728; -0.050053715268637916; -18.853893731407467; 41.044331900380335; 103.96772664503973; -14.301895622164635; -33.2383354731237; 75.1221848455148; -0.05033962287037003; -0.05047001520766853; -0.0501306570745063; -16.57789467678605; 3.902998213628319; 89.54495574527726;0.2 
Arucotag time, tag1 xyz, tag2 xyz, tag1 rollpitchyaw (xyz), tag2 -- xyz zerod averaged -- expo weight; 4.04920315742; -0.050277397828180664; -0.0505485664985381; -0.05003650245828086; -0.05026724865350267; -0.050630323356346374; -0.04999379203087498; -18.539892035090105; 40.961365436471986; 103.75514264265263; -14.293771827492261; -33.52541552922341; 75.20377507989761; -0.05027232324084167; -0.05058944492744224; -0.05001514724457792; -16.416831931291185; 3.7179749536242888; 89.47945886127512;0.2 
Arucotag time, tag1 xyz, tag2 xyz, tag1 rollpitchyaw (xyz), tag2 -- xyz zerod averaged -- expo weight; 4.08971214294; -0.050285355537112594; -0.050801316147313993; -0.0501076188475292; -0.05024245242461687; -0.05090312541477694; -0.05002460541267824; -18.288559471170394; 40.7470476152178; 103.68230888785052; -14.43906469672865; -33.73163683687368; 75.20687909654087; -0.050263903980864735; -0.05085222078104547; -0.050066112130103715; -16.363812083949522; 3.5077053891720595; 89.4445939921957;0.2 
Arucotag time, tag1 xyz, tag2 xyz, tag1 rollpitchyaw (xyz), tag2 -- xyz zerod averaged -- expo weight; 4.12915706635; -0.050232375373844895; -0.050903312266821155; -0.04996945003090973; -0.05024170838442227; -0.05096291469828511; -0.050021511280037595; -17.96486050066226; 40.39252595175434; 103.47242238323405; -14.519292892504744; -33.878517703322444; 75.20917715017394; -0.05023704187913358; -0.05093311348255313; -0.04999548065547366; -16.242076696583503; 3.257004124215946; 89.340799766704;0.2 
Arucotag time, tag1 xyz, tag2 xyz, tag1 rollpitchyaw (xyz), tag2 -- xyz zerod averaged -- expo weight; 4.1698551178; -0.05027615182026436; -0.05101862856626562; -0.0499902313155355; -0.050307081329143896; -0.05104958225845644; -0.050016206870197005; -17.60436898003331; 40.08336679254194; 103.2375111554811; -14.450430454437404; -34.030584165252414; 75.35446378258754; -0.05029161657470413; -0.05103410541236103; -0.05000321909286625; -16.027399717235358; 3.026391313644762; 89.29598746903432;0.2 
Arucotag time, tag1 xyz, tag2 xyz, tag1 rollpitchyaw (xyz), tag2 -- xyz zerod averaged -- expo weight; 4.20790815353; -0.05040780725070154; -0.051012918039746044; -0.05013231405031841; -0.050405853400001685; -0.05099702669597591; -0.05001279294509117; -17.40139097229694; 39.89183542856464; 103.1988287525712; -14.320215153316479; -33.899230588571236; 75.55714109893978; -0.05040683032535161; -0.05100497236786097; -0.05007255349770479; -15.86080306280671; 2.9963024199967023; 89.3779849257555;0.2 
Arucotag time, tag1 xyz, tag2 xyz, tag1 rollpitchyaw (xyz), tag2 -- xyz zerod averaged -- expo weight; 4.24496722221; -0.05046666499376582; -0.0506803114010378; -0.0502104855498986; -0.05043401145834957; -0.050594051512219934; -0.05004524286551886; -17.162191568607376; 39.75917984743298; 102.96749996732922; -14.133279871400756; -33.47538895762772; 75.80825913635923; -0.0504503382260577; -0.05063718145662886; -0.05012786420770873; -15.647735720004066; 3.14189544490263; 89.38787955184422;0.2 
Arucotag time, tag1 xyz, tag2 xyz, tag1 rollpitchyaw (xyz), tag2 -- xyz zerod averaged -- expo weight; 4.28493309021; -0.050401829676739895; -0.050322538229499905; -0.050089128349658445; -0.05038843912654388; -0.0502999254582969; -0.050018023955386175; -16.979365544462954; 39.70374811317217; 102.86076856548736; -14.032526243544362; -33.28805994339763; 75.94200555814794; -0.05039513440164189; -0.05031123184389841; -0.05005357615252231; -15.50594589400366; 3.2078440848872702; 89.40138706181764;0.2 
Arucotag time, tag1 xyz, tag2 xyz, tag1 rollpitchyaw (xyz), tag2 -- xyz zerod averaged -- expo weight; 4.32507419586; -0.05039038402171382; -0.050193699648849954; -0.05006119280839093; -0.05041472735443005; -0.05016731511479158; -0.049989303505085694; -16.95706956134784; 39.70929467466244; 102.86208934130424; -13.766035210284917; -32.99279347856556; 76.14894963072581; -0.050402555688071934; -0.05018050738182077; -0.05002524815673831; -15.361552385816378; 3.358250598048439; 89.50551948601503;0.2 
Arucotag time, tag1 xyz, tag2 xyz, tag1 rollpitchyaw (xyz), tag2 -- xyz zerod averaged -- expo weight; 4.36633205414; -0.050426971303227715; -0.04998669836572364; -0.05001709486563429; -0.050452865612869255; -0.04995224522940527; -0.05009251869521954; -16.841185557160003; 39.627760145604014; 102.73496401395131; -13.540749503573723; -32.72778583105785; 76.24844351844209; -0.05043991845804849; -0.04996947179756446; -0.05005480678042691; -15.190967530366862; 3.449987157273082; 89.49170376619671;0.2 
Arucotag time, tag1 xyz, tag2 xyz, tag1 rollpitchyaw (xyz), tag2 -- xyz zerod averaged -- expo weight; 4.40511608124; -0.05041043845836527; -0.049721906066401894; -0.0500417147822826; -0.05045221007809329; -0.04972452790914277; -0.05018434959179761; -16.831706570368084; 39.742988409102296; 102.68392597320891; -13.510010285706477; -32.68936747247327; 76.27058284010778; -0.050431324268229286; -0.04972321698777234; -0.05011303218704011; -15.170858428037281; 3.526810468314512; 89.47725440665835;0.2 
Arucotag time, tag1 xyz, tag2 xyz, tag1 rollpitchyaw (xyz), tag2 -- xyz zerod averaged -- expo weight; 4.44380712509; -0.05038215536781302; -0.04951343774003558; -0.05017195247681085; -0.050408847964198436; -0.049483668678079865; -0.05017934116310581; -17.04873864888796; 39.99530797366223; 102.84550628640325; -13.322240989795924; -32.52100187594722; 76.39730937596894; -0.05039550166600573; -0.04949855320905772; -0.05017564681995833; -15.185489819341942; 3.737153048857504; 89.6214078311861;0.2 
Arucotag time, tag1 xyz, tag2 xyz, tag1 rollpitchyaw (xyz), tag2 -- xyz zerod averaged -- expo weight; 4.48416900635; -0.05037982540714625; -0.04923875926122133; -0.05013528609899193; -0.05038221857172873; -0.04921040382581859; -0.05009885077881596; -17.2898993938317; 40.21838839346895; 103.06161242774384; -13.090571372200339; -32.187251357345154; 76.54914011659291; -0.05038102198943749; -0.049224581543519955; -0.05011706843890394; -15.19023538301602; 4.015568518061897; 89.80537627216837;0.2 
Arucotag time, tag1 xyz, tag2 xyz, tag1 rollpitchyaw (xyz), tag2 -- xyz zerod averaged -- expo weight; 4.52473211288; -0.05029969366894752; -0.049053636243969724; -0.05003591336475362; -0.05037642787941899; -0.04907539298489632; -0.050223611966289015; -17.341320027221744; 40.35631096156732; 103.09431769024033; -12.810785331571054; -32.17076322841057; 76.64487568221233; -0.050338060774183256; -0.04906451461443302; -0.05012976266552131; -15.0760526793964; 4.092773866578373; 89.86959668622633;0.2 
Arucotag time, tag1 xyz, tag2 xyz, tag1 rollpitchyaw (xyz), tag2 -- xyz zerod averaged -- expo weight; 4.56380105019; -0.05031656818020889; -0.04886698669528193; -0.05001069354619459; -0.0504570883884008; -0.048830717696536415; -0.05015183874113297; -17.58964874524029; 40.46450931209363; 103.15824295764524; -12.41273463102227; -31.92366586310203; 77.02085557078827; -0.050386828284304845; -0.048848852195909176; -0.05008126614366378; -15.001191688131279; 4.270421724495801; 90.08954926421676;0.2 
Arucotag time, tag1 xyz, tag2 xyz, tag1 rollpitchyaw (xyz), tag2 -- xyz zerod averaged -- expo weight; 4.60386610031; -0.05046550643388546; -0.04854366053165982; -0.05004773234619633; -0.05057491860486978; -0.048528449357279096; -0.05022901961758247; -17.746832311972565; 40.63526618831888; 103.2526872566601; -12.107647702897799; -31.733560639551314; 77.14064815102228; -0.05052021251937762; -0.048536054944469456; -0.0501383759818894; -14.92724000743518; 4.450852774383783; 90.19666770384119;0.2 
Arucotag time, tag1 xyz, tag2 xyz, tag1 rollpitchyaw (xyz), tag2 -- xyz zerod averaged -- expo weight; 4.6447930336; -0.05048087720042882; -0.04834627206599153; -0.05018458028546414; -0.050543868547132415; -0.04837114467261509; -0.05025667861080572; -17.957376359317735; 41.06413066364893; 103.52813281063021; -11.865781294844917; -31.643291403648604; 77.1609120848538; -0.05051237287378062; -0.04835870836930331; -0.05022062944813493; -14.911578827081325; 4.710419630000164; 90.34452244774201;0.2 
Arucotag time, tag1 xyz, tag2 xyz, tag1 rollpitchyaw (xyz), tag2 -- xyz zerod averaged -- expo weight; 4.68365502357; -0.05047095414375427; -0.04824789279613451; -0.050198372397911764; -0.050542483009817854; -0.048273365746266526; -0.05019986102743221; -18.343852124975083; 41.65276358941437; 103.90720381916324; -11.590808202739789; -31.506462857761676; 77.32463276461836; -0.05050671857678606; -0.04826062927120052; -0.050199116712671986; -14.967330163857437; 5.073150365826347; 90.61591829189081;0.2 
Arucotag time, tag1 xyz, tag2 xyz, tag1 rollpitchyaw (xyz), tag2 -- xyz zerod averaged -- expo weight; 4.7702691555; -0.050462387703981516; -0.048004336177491246; -0.05012204367656626; -0.05055235248760893; -0.048079081909482416; -0.05025259614816284; -18.596060291982507; 42.022259372016315; 104.1021218467469; -11.288486704822587; -31.421225998550042; 77.41085147801687; -0.05050737009579522; -0.04804170904348683; -0.05018731991236455; -14.942273498402546; 5.300516686733136; 90.75648666238189;0.2 
Arucotag time, tag1 xyz, tag2 xyz, tag1 rollpitchyaw (xyz), tag2 -- xyz zerod averaged -- expo weight; 4.81367707253; -0.050479540264907787; -0.04808193031087316; -0.05018193793311783; -0.05051324462049308; -0.04820880085973246; -0.05024767038804; -18.947004115343994; 42.553124846778154; 104.47577616040003; -11.132810224200053; -31.48807917846188; 77.32900347285252; -0.05049639244270043; -0.048145365585302816; -0.05021480416057891; -15.039907169772023; 5.5325228341581365; 90.90238981662628;0.2 
Arucotag time, tag1 xyz, tag2 xyz, tag1 rollpitchyaw (xyz), tag2 -- xyz zerod averaged -- expo weight; 4.84724116325; -0.050446127853182275; -0.04825799318838077; -0.050053513596817034; -0.050552994996503925; -0.048372991261489015; -0.05024397149403318; -19.124394240148984; 42.781547321842204; 104.53379299837886; -10.945258302846424; -31.593090642998334; 77.37478296689962; -0.050499561424843104; -0.04831549222493489; -0.050148742545425104; -15.034826271497703; 5.594228339421935; 90.95428798263924;0.2 
Arucotag time, tag1 xyz, tag2 xyz, tag1 rollpitchyaw (xyz), tag2 -- xyz zerod averaged -- expo weight; 4.88446307182; -0.050526978641905695; -0.04843429161116316; -0.049983046637196535; -0.05061053183971638; -0.04860488941662823; -0.05015659944877678; -19.198445517751498; 42.95805111337558; 104.52685565674726; -10.859360361395753; -31.811463197461052; 77.41873739354679; -0.05056875524081104; -0.04851959051389569; -0.050069823042986655; -15.028902939573626; 5.573293957957265; 90.97279652514703;0.2 
Arucotag time, tag1 xyz, tag2 xyz, tag1 rollpitchyaw (xyz), tag2 -- xyz zerod averaged -- expo weight; 4.92489218712; -0.0506316795241269; -0.04890544215882475; -0.05019885271496205; -0.050689586833081; -0.04908314170367921; -0.050174210681727234; -19.29517758666291; 43.35213675933249; 104.67866051623908; -10.834422254777314; -32.325242224989495; 77.56356681821438; -0.05066063317860395; -0.04899429193125198; -0.05018653169834464; -15.064799920720112; 5.513447267171497; 91.12111366722672;0.2 
Arucotag time, tag1 xyz, tag2 xyz, tag1 rollpitchyaw (xyz), tag2 -- xyz zerod averaged -- expo weight; 4.96464920044; -0.0506957116536329; -0.049319131832143606; -0.05019199663964182; -0.05075928382196589; -0.049446470974874715; -0.05018712039569817; -19.012970705310263; 43.33750041331312; 104.56250401723318; -10.818199432515902; -32.55755240465262; 77.6642319527018; -0.0507274977377994; -0.04938280140350916; -0.05018955851767; -14.915585068913082; 5.389974004330252; 91.11336798496748;0.2 
Arucotag time, tag1 xyz, tag2 xyz, tag1 rollpitchyaw (xyz), tag2 -- xyz zerod averaged -- expo weight; 5.00455522537; -0.05072128811921847; -0.0495439460367339; -0.05011649375698556; -0.050804823552932483; -0.04965744109709891; -0.05020570621545912; -18.51109560620988; 43.13783684027829; 104.34216129988302; -10.956895445730149; -32.96138999213793; 77.74381781199753; -0.050763055836075474; -0.049600693566916404; -0.05016109998622234; -14.733995525970016; 5.088223424070179; 91.04298955594027;0.2 
Arucotag time, tag1 xyz, tag2 xyz, tag1 rollpitchyaw (xyz), tag2 -- xyz zerod averaged -- expo weight; 5.04390716553; -0.05072335773793074; -0.0497826313448682; -0.050197206173980234; -0.050779855214345054; -0.04989682671212882; -0.05014494178833005; -18.032863665460038; 42.97564034737345; 104.0187132681759; -11.10690879906481; -33.28307162153841; 77.73223525886503; -0.0507516064761379; -0.04983972902849851; -0.05017107398115514; -14.569886232262423; 4.846284362917519; 90.87547426352046;0.2 
Arucotag time, tag1 xyz, tag2 xyz, tag1 rollpitchyaw (xyz), tag2 -- xyz zerod averaged -- expo weight; 5.08344912529; -0.050679984866707085; -0.05002095112653846; -0.05013405199363333; -0.05075504010768124; -0.05012188444445259; -0.050137470722018594; -17.54804130796672; 42.6082928755927; 103.75893982991244; -11.291365923424447; -33.58008020831444; 77.69930945450923; -0.050717512487194166; -0.05007141778549552; -0.050135761357825964; -14.419703615695584; 4.5141063336391305; 90.72912464221083;0.2 
Arucotag time, tag1 xyz, tag2 xyz, tag1 rollpitchyaw (xyz), tag2 -- xyz zerod averaged -- expo weight; 5.12461614609; -0.05066426384242643; -0.05014233181267861; -0.05008015407275523; -0.05075942611977456; -0.05022037718413555; -0.04997965328397825; -16.99515109851235; 42.11482573112461; 103.41033319574451; -11.632871887220853; -33.54609779093333; 77.46334179616987; -0.0507118449811005; -0.05018135449840708; -0.05002990367836674; -14.314011492866602; 4.28436397009564; 90.43683749595719;0.2 
Arucotag time, tag1 xyz, tag2 xyz, tag1 rollpitchyaw (xyz), tag2 -- xyz zerod averaged -- expo weight; 5.16287207603; -0.050679809592705106; -0.05020033410548043; -0.050092846949628865; -0.0507787268368198; -0.05024751105519522; -0.04989855105137936; -16.572909468887026; 41.61938785674577; 103.17745969380444; -11.8507573376582; -33.28570073092375; 77.4410547150434; -0.05072926821476245; -0.050223922580337824; -0.049995699000504115; -14.211833403272614; 4.1668435629110085; 90.30925720442391;0.2 
Arucotag time, tag1 xyz, tag2 xyz, tag1 rollpitchyaw (xyz), tag2 -- xyz zerod averaged -- expo weight; 5.20273709297; -0.05076442533819598; -0.050246952152542615; -0.05024593412303838; -0.0508436802912499; -0.05032658754249787; -0.050163875492236006; -16.39213383996192; 41.551201626188714; 103.12634323285783; -11.781687559437554; -33.6404217808632; 77.56305300692839; -0.050804052814722944; -0.050286769847520243; -0.05020490480763719; -14.086910699699738; 3.955389922662757; 90.34469811989311;0.2 
Arucotag time, tag1 xyz, tag2 xyz, tag1 rollpitchyaw (xyz), tag2 -- xyz zerod averaged -- expo weight; 5.2454020977; -0.050827956620419834; -0.05038232804393486; -0.050109844552703904; -0.05092896162310768; -0.050461152608262554; -0.05008750516989617; -16.103316666780927; 41.405378712587186; 102.94263608354005; -11.67288240269408; -33.761228739341966; 77.74220092871582; -0.05087845912176375; -0.05042174032609871; -0.05009867486130004; -13.888099534737503; 3.82207498662261; 90.34241850612793;0.2 
Arucotag time, tag1 xyz, tag2 xyz, tag1 rollpitchyaw (xyz), tag2 -- xyz zerod averaged -- expo weight; 5.28612518311; -0.05089185346589806; -0.05041225846691557; -0.050143291642379156; -0.05095774196546776; -0.0504327819489577; -0.05015405632924559; -15.735240610476176; 41.16803723373905; 102.62687524125587; -11.69146994819843; -33.90508558124072; 77.954400984292; -0.05092479771568291; -0.05042252020793664; -0.050148673985812374; -13.713355279337303; 3.631475826249165; 90.29063811277393;0.2 
Arucotag time, tag1 xyz, tag2 xyz, tag1 rollpitchyaw (xyz), tag2 -- xyz zerod averaged -- expo weight; 5.32555413246; -0.05089608006019169; -0.05027209651850382; -0.05026432534669649; -0.050947694247377176; -0.05026094703467018; -0.05008239575052893; -15.517435935575627; 41.023765584233765; 102.49420920464075; -11.56887317552521; -33.62289089028542; 78.09920319750233; -0.05092188715378443; -0.050266521776587; -0.05017336054861271; -13.54315455555042; 3.700437346974173; 90.29670620107154;0.2 
Arucotag time, tag1 xyz, tag2 xyz, tag1 rollpitchyaw (xyz), tag2 -- xyz zerod averaged -- expo weight; 5.36552214622; -0.05085037116516256; -0.049988635975026896; -0.05014565436663351; -0.05088938957080641; -0.04995092828865226; -0.05023861223387464; -15.200839124667056; 40.894888748321755; 102.20337787652463; -11.617856862753374; -33.43041784727845; 78.0155558782133; -0.05086988036798448; -0.04996978213183958; -0.05019213330025407; -13.409347993710215; 3.732235450521653; 90.10946687736896;0.2 
Arucotag time, tag1 xyz, tag2 xyz, tag1 rollpitchyaw (xyz), tag2 -- xyz zerod averaged -- expo weight; 5.40477919579; -0.05070121025405913; -0.049643785339442366; -0.05008165308233137; -0.0507731106434952; -0.04961797148803818; -0.05002503583711125; -15.018531212016871; 40.79316654116482; 102.02486688322368; -11.777226561796404; -32.89814918390828; 77.750485763527; -0.050737160448777165; -0.049630878413740274; -0.05005334445972131; -13.397878886906637; 3.947508678628271; 89.88767632337533;0.2 
Arucotag time, tag1 xyz, tag2 xyz, tag1 rollpitchyaw (xyz), tag2 -- xyz zerod averaged -- expo weight; 5.44713401794; -0.05063745790527963; -0.04941935151126953; -0.05008632785152475; -0.05072941254599064; -0.04938171869420919; -0.04991171337942279; -15.201226499635649; 40.811641329451966; 102.11264999830513; -11.729142261689644; -32.292826125264575; 77.54434664365056; -0.050683435225635134; -0.049400535102739354; -0.049999020615473774; -13.465184380662645; 4.259407602093695; 89.82849832097784;0.2 
Arucotag time, tag1 xyz, tag2 xyz, tag1 rollpitchyaw (xyz), tag2 -- xyz zerod averaged -- expo weight; 5.48612809181; -0.05075141194128242; -0.04918865754707233; -0.050205743106928144; -0.05082808512588548; -0.049174016318232906; -0.05018301036822277; -15.666984636651758; 41.02435741457895; 102.29141189040043; -11.390443410676292; -32.125085733632694; 77.73415876197726; -0.05078974853358395; -0.049181336932652614; -0.05019437673757546; -13.528714023664026; 4.449635840473128; 90.01278532618883;0.2 
Arucotag time, tag1 xyz, tag2 xyz, tag1 rollpitchyaw (xyz), tag2 -- xyz zerod averaged -- expo weight; 5.5257871151; -0.050844389938441; -0.04901953272421618; -0.05023566579362299; -0.05088734784949689; -0.04903948808133082; -0.05027574814811693; -15.923486084296155; 41.36555872765008; 102.42960643603098; -11.078182190987247; -32.054218436253734; 77.81026914236949; -0.05086586889396895; -0.0490295104027735; -0.050255706970869965; -13.5008341376417; 4.655670145698174; 90.11993778920024;0.2 
Arucotag time, tag1 xyz, tag2 xyz, tag1 rollpitchyaw (xyz), tag2 -- xyz zerod averaged -- expo weight; 5.56613206863; -0.05082197355155696; -0.04882020088459681; -0.05010030430957728; -0.05090408286553626; -0.04883033587207331; -0.05023491217132144; -16.01328900002977; 41.56917130643012; 102.41703403559394; -10.900272841775111; -31.868461835784345; 77.96185612568807; -0.05086302820854661; -0.04882526837833506; -0.05016760824044936; -13.456780920902439; 4.850354735322888; 90.18944508064101;0.2 
Arucotag time, tag1 xyz, tag2 xyz, tag1 rollpitchyaw (xyz), tag2 -- xyz zerod averaged -- expo weight; 5.60549211502; -0.05083616405834341; -0.04857652824062512; -0.05012102989043104; -0.050901898972572045; -0.048588145008163004; -0.05024327638289258; -16.12429176240087; 41.72594904907066; 102.51366822711019; -10.676661839360824; -31.54072882466322; 78.10008766850264; -0.05086903151545773; -0.04858233662439406; -0.050182153136661814; -13.400476800880845; 5.092610112203719; 90.30687794780641;0.2 
Arucotag time, tag1 xyz, tag2 xyz, tag1 rollpitchyaw (xyz), tag2 -- xyz zerod averaged -- expo weight; 5.64577102661; -0.05076789516502755; -0.0484071175441802; -0.05005806412527851; -0.050859727238809875; -0.04845506395716475; -0.050286000723570604; -16.295914558285858; 42.019423656866316; 102.54493643261124; -10.583284882636464; -31.518269367230175; 78.09339988839808; -0.05081381120191871; -0.04843109075067248; -0.050172032424424556; -13.43959972046116; 5.25057714481807; 90.31916816050466;0.2 
Arucotag time, tag1 xyz, tag2 xyz, tag1 rollpitchyaw (xyz), tag2 -- xyz zerod averaged -- expo weight; 5.68632102013; -0.05076767106198544; -0.0482545896140654; -0.050064862288906525; -0.050871711750895; -0.0482337392724775; -0.05023252167619564; -16.39795782450758; 42.203568478190185; 102.54864359728906; -10.295351681647771; -31.248117588523577; 78.38638493347901; -0.050819691406440215; -0.04824416444327145; -0.050148691982551084; -13.346654753077676; 5.477725444833304; 90.46751426538404;0.2 
Arucotag time, tag1 xyz, tag2 xyz, tag1 rollpitchyaw (xyz), tag2 -- xyz zerod averaged -- expo weight; 5.72499418259; -0.050882404803910375; -0.04795723933653802; -0.05030508495673565; -0.05094700346378227; -0.04791989187111608; -0.0502965171108717; -16.84456208103622; 42.75378877641131; 102.90876503938615; -10.094726053151932; -31.049276673497218; 78.51214025964441; -0.05091470413384632; -0.047938565603827046; -0.050300801033803674; -13.469644067094077; 5.852256051457047; 90.71045264951528;0.2 
Arucotag time, tag1 xyz, tag2 xyz, tag1 rollpitchyaw (xyz), tag2 -- xyz zerod averaged -- expo weight; 5.76336812973; -0.050843065957026215; -0.04772306054691718; -0.0501347601344795; -0.05092996582944117; -0.04779956671183908; -0.050292752845276074; -17.13268172483174; 43.3258334762783; 103.02924404987948; -9.849837201056026; -30.911877819935015; 78.50785044167245; -0.05088651589323369; -0.04776131362937813; -0.05021375648987779; -13.491259462943884; 6.206977828171642; 90.76854724577596;0.2 
Arucotag time, tag1 xyz, tag2 xyz, tag1 rollpitchyaw (xyz), tag2 -- xyz zerod averaged -- expo weight; 5.80349421501; -0.05086426754886129; -0.047700936431424375; -0.05023690356409497; -0.05091545599372015; -0.047750700421563284; -0.05026676932145102; -17.473739789690153; 43.7995331303952; 103.31802821368686; -9.639738142518626; -30.774846210253465; 78.67642289234122; -0.05088986177129072; -0.04772581842649383; -0.05025183644277299; -13.55673896610439; 6.512343460070866; 90.99722555301403;0.2 
Arucotag time, tag1 xyz, tag2 xyz, tag1 rollpitchyaw (xyz), tag2 -- xyz zerod averaged -- expo weight; 5.84350514412; -0.05087856986283504; -0.04765576652955188; -0.050365828696913334; -0.0509291369078176; -0.047682358824082914; -0.050294901219553476; -18.03817809378222; 44.46990425152639; 103.76964283777318; -9.477203389359646; -30.6385781591746; 78.63937482020387; -0.05090385338532632; -0.04766906267681739; -0.050330364958233405; -13.757690741570933; 6.915663046175894; 91.20450882898852;0.2 
Arucotag time, tag1 xyz, tag2 xyz, tag1 rollpitchyaw (xyz), tag2 -- xyz zerod averaged -- expo weight; 5.88304018974; -0.050905138749694774; -0.047597098897799964; -0.05024810722677815; -0.050963563632132475; -0.04768061741646597; -0.050325170428290995; -18.450949766091593; 44.721458533606075; 104.15430823515455; -9.259454573802111; -30.54602484110103; 78.68113283550794; -0.05093435119091362; -0.047638858157132966; -0.05028663882753458; -13.855202169946853; 7.087716846252523; 91.41772053533124;0.2 
Arucotag time, tag1 xyz, tag2 xyz, tag1 rollpitchyaw (xyz), tag2 -- xyz zerod averaged -- expo weight; 5.92387223244; -0.05091580667404531; -0.04756965766076173; -0.0502385438580167; -0.0509660962355388; -0.04763605756797154; -0.05034573504191908; -18.545470977616443; 45.03296829731665; 104.23305957131628; -9.176619032832695; -30.556347334267556; 78.61878408642661; -0.05094095145479205; -0.04760285761436664; -0.050292139449967896; -13.861045005224568; 7.238310481524547; 91.42592182887145;0.2 
Arucotag time, tag1 xyz, tag2 xyz, tag1 rollpitchyaw (xyz), tag2 -- xyz zerod averaged -- expo weight; 5.96294021606; -0.05092621223958998; -0.047571876340212975; -0.050258663330456206; -0.0509770118075102; -0.047658131361129855; -0.05031789033974132; -18.708299740670675; 45.415238976104284; 104.30794598166159; -9.058572019325718; -30.613063123155897; 78.73605616260271; -0.050951612023550086; -0.04761500385067141; -0.05028827683509876; -13.883435879998196; 7.401087926474194; 91.52200107213216;0.2 
Arucotag time, tag1 xyz, tag2 xyz, tag1 rollpitchyaw (xyz), tag2 -- xyz zerod averaged -- expo weight; 6.00457620621; -0.050913324872734485; -0.04757766988660612; -0.05008024620123953; -0.05101727000012033; -0.047695121072744644; -0.050328153023720096; -18.650276096916564; 45.33355343753137; 104.1602364333906; -9.010926742529504; -30.623938736201502; 78.75797377329731; -0.05096529743642741; -0.04763639547967538; -0.05020419961247981; -13.830601419723035; 7.3548073506649345; 91.45910510334394;0.2 
Arucotag time, tag1 xyz, tag2 xyz, tag1 rollpitchyaw (xyz), tag2 -- xyz zerod averaged -- expo weight; 6.04253911972; -0.05093874064025148; -0.04766845872237721; -0.05011834867693779; -0.05100696944454731; -0.047809633920510686; -0.05033786807497403; -18.631972535650203; 45.53544726096401; 104.0950789692313; -9.02616135123753; -30.84350899545955; 78.75812727702093; -0.050972855042399394; -0.04773904632144395; -0.05022810837595591; -13.829066943443866; 7.345969132752231; 91.42660312312611;0.2 
Arucotag time, tag1 xyz, tag2 xyz, tag1 rollpitchyaw (xyz), tag2 -- xyz zerod averaged -- expo weight; 6.08101010323; -0.05097066166714761; -0.04797670797618736; -0.050230562660175976; -0.0510353297515988; -0.048125331762735105; -0.05028460659392146; -18.786712943946416; 45.804367517414754; 104.1957461828569; -8.998571978345735; -31.08835438511929; 78.70812068402273; -0.05100299570937321; -0.04805101986946123; -0.05025758462704872; -13.892642461146075; 7.358006566147733; 91.45193343343982;0.2 
Arucotag time, tag1 xyz, tag2 xyz, tag1 rollpitchyaw (xyz), tag2 -- xyz zerod averaged -- expo weight; 6.12139320374; -0.05106471387412729; -0.048303691533998036; -0.05029953030824623; -0.05111422478868174; -0.04842730076667813; -0.050340513440442554; -18.76091039590028; 45.985384552384005; 104.2466821579762; -8.975783714012818; -31.334906993200256; 78.73836527837113; -0.05108946933140451; -0.04836549615033808; -0.050320021874344395; -13.868347054956548; 7.325238779591874; 91.49252371817366;0.2 
Arucotag time, tag1 xyz, tag2 xyz, tag1 rollpitchyaw (xyz), tag2 -- xyz zerod averaged -- expo weight; 6.16183519363; -0.05108762955656051; -0.04842884541552649; -0.05017746496555607; -0.0511709021409249; -0.048535625580958974; -0.05034839378311669; -18.4715612926106; 45.73605557808661; 104.02850503009942; -9.10432329735668; -31.60607789419906; 78.80133817179284; -0.05112926584874271; -0.04848223549824274; -0.05026292937433638; -13.78794229498364; 7.064988841943773; 91.41492160094613;0.2 
Arucotag time, tag1 xyz, tag2 xyz, tag1 rollpitchyaw (xyz), tag2 -- xyz zerod averaged -- expo weight; 6.2030210495; -0.05110399533129069; -0.04858306643532492; -0.050246996212271744; -0.05112648798411767; -0.04869617134628436; -0.05027121381260666; -18.173525019510354; 45.567438303363964; 103.79083817840272; -9.313633284699444; -31.746825148666716; 78.63604566561114; -0.051115241657704175; -0.04863961889080464; -0.0502591050124392; -13.7435791521049; 6.910306577348624; 91.21344192200692;0.2 
Arucotag time, tag1 xyz, tag2 xyz, tag1 rollpitchyaw (xyz), tag2 -- xyz zerod averaged -- expo weight; 6.28116416931; -0.050981017458952615; -0.04899228102303372; -0.0500603100802989; -0.05106109679176169; -0.049106418005967746; -0.050226032304269294; -17.69072597600303; 45.16153004592707; 103.40438618438351; -9.466727233836952; -31.97655962772155; 78.63609896213262; -0.05102105712535715; -0.04904934951450073; -0.0501431711922841; -13.578726604919991; 6.592485209102762; 91.02024257325806;0.2 
Arucotag time, tag1 xyz, tag2 xyz, tag1 rollpitchyaw (xyz), tag2 -- xyz zerod averaged -- expo weight; 6.32125115395; -0.050995080462184594; -0.04924953255485116; -0.05015417817286886; -0.05106161191841634; -0.04937550347972041; -0.05021542387330133; -17.374093423283192; 44.84697787048837; 103.22118943623094; -9.594411602957612; -32.26225334152454; 78.61380752542529; -0.05102834619030047; -0.049312518017285784; -0.05018480102308509; -13.484252513120403; 6.292362264481913; 90.91749848082812;0.2 
Arucotag time, tag1 xyz, tag2 xyz, tag1 rollpitchyaw (xyz), tag2 -- xyz zerod averaged -- expo weight; 6.36276602745; -0.05100743817083031; -0.04948043169800186; -0.05009729869967998; -0.051072310937564244; -0.049577663412174205; -0.050024818893707045; -16.995196546255958; 44.46265867603072; 102.95220986559819; -9.862204293791839; -32.266467669669325; 78.24027908589534; -0.05103987455419728; -0.04952904755508804; -0.05006105879669351; -13.428700420023898; 6.098095503180698; 90.59624447574677;0.2 
Arucotag time, tag1 xyz, tag2 xyz, tag1 rollpitchyaw (xyz), tag2 -- xyz zerod averaged -- expo weight; 6.39999318123; -0.05103585931403679; -0.04976683269200271; -0.05014566228077491; -0.05106403358626433; -0.04988826277824119; -0.05019373899449418; -16.61863950351766; 44.26351573235875; 102.57900205311935; -9.970821557603236; -32.71459347583391; 78.28415747646153; -0.05104994645015056; -0.04982754773512195; -0.05016970063763455; -13.294730530560447; 5.77446112826242; 90.43157976479044;0.2 
Arucotag time, tag1 xyz, tag2 xyz, tag1 rollpitchyaw (xyz), tag2 -- xyz zerod averaged -- expo weight; 6.43954801559; -0.0510345567960915; -0.050068134195871083; -0.050136258507596294; -0.05106796878470233; -0.05014844258690347; -0.049982936885707964; -16.234205090077673; 43.86303286909895; 102.29670775652305; -10.356607704646065; -32.74824210952236; 77.8917375414901; -0.051051262790396915; -0.05010828839138728; -0.05005959769665213; -13.29540639736187; 5.5573953797882965; 90.09422264900658;0.2 
Arucotag time, tag1 xyz, tag2 xyz, tag1 rollpitchyaw (xyz), tag2 -- xyz zerod averaged -- expo weight; 6.48309707642; -0.05101038419346301; -0.05023725562753443; -0.050059216756759506; -0.05105691623466097; -0.05030659935444452; -0.050156081697098766; -15.762242296476217; 43.238593428768674; 101.96222566127466; -10.418711273099346; -33.03698621572365; 77.94614732378854; -0.05103365021406199; -0.05027192749098948; -0.05010764922692913; -13.090476784787782; 5.100803606522511; 89.95418649253159;0.2 
Arucotag time, tag1 xyz, tag2 xyz, tag1 rollpitchyaw (xyz), tag2 -- xyz zerod averaged -- expo weight; 6.52023005486; -0.051089357188187697; -0.050415776121098085; -0.05024896114268537; -0.05110612402639614; -0.05053552596833719; -0.05017589752300768; -15.528374978031803; 43.025440010271424; 101.86666002471271; -10.550923671674276; -33.538054106661924; 77.91853423116686; -0.051097740607291914; -0.05047565104471764; -0.05021242933284653; -13.03964932485304; 4.74369295180475; 89.89259712793978;0.2 
Arucotag time, tag1 xyz, tag2 xyz, tag1 rollpitchyaw (xyz), tag2 -- xyz zerod averaged -- expo weight; 6.56049013138; -0.051087456924953555; -0.050610391165839944; -0.05017757019841636; -0.0510829035377578; -0.05067430303756918; -0.05012659251887532; -15.176434514520118; 42.68540181292808; 101.54324300340441; -10.61222528401464; -33.66987119871811; 77.90071097689443; -0.05108518023135568; -0.050642347101704566; -0.050152081358645836; -12.89432989926738; 4.507765307104982; 89.72197699014941;0.2 
Arucotag time, tag1 xyz, tag2 xyz, tag1 rollpitchyaw (xyz), tag2 -- xyz zerod averaged -- expo weight; 6.64143300056; -0.05099590355807357; -0.05050855920431962; -0.050092913693699545; -0.05099632020270451; -0.05047889243355814; -0.050107562206897285; -14.73127241481078; 42.19451929918984; 101.15586367714275; -10.655525082975995; -33.478249397976924; 78.03069891440832; -0.050996111880389036; -0.05049372581893888; -0.050100237950298415; -12.693398748893387; 4.358134950606459; 89.59328129577554;0.2 
Arucotag time, tag1 xyz, tag2 xyz, tag1 rollpitchyaw (xyz), tag2 -- xyz zerod averaged -- expo weight; 6.68139004707; -0.051026926021297644; -0.05010761561618551; -0.05022138540010624; -0.05102957878698257; -0.05002560016732705; -0.05017372108431552; -14.585354860791373; 41.679977270966326; 101.00474910938341; -10.533010504099982; -32.92422908377809; 78.08019472192548; -0.051028252404140106; -0.05006660789175628; -0.05019755324221088; -12.559182682445677; 4.377874093594119; 89.54247191565445;0.2 
Arucotag time, tag1 xyz, tag2 xyz, tag1 rollpitchyaw (xyz), tag2 -- xyz zerod averaged -- expo weight; 6.72027206421; -0.05099675295695846; -0.04962591789446466; -0.05006465066090876; -0.05102227183203521; -0.04960356807278744; -0.050282851599315316; -14.435890226080609; 41.451668736602905; 100.79302102561238; -10.46500157449038; -32.76377489944786; 77.96908534423926; -0.05100951239449684; -0.04961474298362605; -0.050173751130112035; -12.450445900285494; 4.343946918577522; 89.38105318492582;0.2 
Arucotag time, tag1 xyz, tag2 xyz, tag1 rollpitchyaw (xyz), tag2 -- xyz zerod averaged -- expo weight; 6.76090407372; -0.050926335696173; -0.04941534500526762; -0.05004206574907741; -0.05096734864619496; -0.04941965877709139; -0.050038089754924464; -14.33430533707302; 41.51203868299627; 100.65241634823776; -10.582025041466412; -32.360256162724994; 77.72679565657167; -0.050946842171183976; -0.04941750189117951; -0.050040077752000936; -12.458165189269717; 4.575891260135638; 89.18960600240472;0.2 
Arucotag time, tag1 xyz, tag2 xyz, tag1 rollpitchyaw (xyz), tag2 -- xyz zerod averaged -- expo weight; 6.8000690937; -0.050903175111597324; -0.04933446604052918; -0.05014796288055335; -0.050945001183651244; -0.04934942279699271; -0.05024361921494104; -14.554553577716133; 41.62073280536116; 100.83786542057267; -10.405237501723912; -32.21345872016464; 77.87115417000187; -0.05092408814762428; -0.04934194441876094; -0.0501957910477472; -12.479895539720022; 4.70363704259826; 89.35450979528727;0.2 
Arucotag time, tag1 xyz, tag2 xyz, tag1 rollpitchyaw (xyz), tag2 -- xyz zerod averaged -- expo weight; 6.84075212479; -0.05087385089109463; -0.04907720358305381; -0.050004209398128406; -0.05092587938328907; -0.04904489209932689; -0.050119560005703064; -14.562937393834861; 41.543184708765686; 100.76472721043561; -10.480314563232461; -31.832426177971172; 77.6911147902579; -0.050899865137191844; -0.04906104784119035; -0.050061884701915735; -12.521625978533661; 4.855379265397257; 89.22792100034675;0.2 
Arucotag time, tag1 xyz, tag2 xyz, tag1 rollpitchyaw (xyz), tag2 -- xyz zerod averaged -- expo weight; 6.88006806374; -0.0508087065341715; -0.04884647405135688; -0.050103480636619006; -0.0508401739483922; -0.048828612253202605; -0.05025257641317689; -14.687243910251931; 41.66297288769089; 100.82750214373614; -10.432192755433912; -31.65324188133674; 77.82470051848287; -0.050824440241281854; -0.04883754315227974; -0.050178028524897944; -12.559718332842921; 5.004865503177076; 89.3261013311095;0.2 
Arucotag time, tag1 xyz, tag2 xyz, tag1 rollpitchyaw (xyz), tag2 -- xyz zerod averaged -- expo weight; 6.92068719864; -0.050727190145135326; -0.048622020060522325; -0.050124005261196466; -0.050754595486033754; -0.048633132072083494; -0.050223478748187236; -15.119076322161515; 41.99506449948389; 101.13100893011705; -10.347267588960351; -31.550882609885853; 77.77850547082039; -0.05074089281558454; -0.04862757606630291; -0.05017374200469185; -12.733171955560934; 5.222090944799017; 89.45475720046872;0.2 
Arucotag time, tag1 xyz, tag2 xyz, tag1 rollpitchyaw (xyz), tag2 -- xyz zerod averaged -- expo weight; 6.96242523193; -0.05068447287920347; -0.04853754444308437; -0.05002012282174293; -0.05073855972278187; -0.04862816711301282; -0.05020898215173726; -15.510929359169783; 42.37006425009481; 101.34502499623164; -10.169650763766095; -31.570946358143217; 77.81875804076195; -0.05071151630099267; -0.04858285577804859; -0.0501145524867401; -12.84029006146794; 5.399558945975798; 89.5818915184968;0.2 
Arucotag time, tag1 xyz, tag2 xyz, tag1 rollpitchyaw (xyz), tag2 -- xyz zerod averaged -- expo weight; 7.00186014175; -0.050752673909599914; -0.04877676292179247; -0.04998969818809201; -0.0508107788085605; -0.04892791807060107; -0.05016331368297361; -15.846748266872925; 42.64658602197521; 101.64904849610733; -10.139165545313716; -31.905056203668913; 77.96692187495965; -0.05078172635908021; -0.04885234049619677; -0.05007650593553281; -12.99295690609332; 5.370764909153149; 89.80798518553348;0.2 
Arucotag time, tag1 xyz, tag2 xyz, tag1 rollpitchyaw (xyz), tag2 -- xyz zerod averaged -- expo weight; 7.04079508781; -0.050871624527764565; -0.04918891070138195; -0.050193388117579334; -0.05087799846613996; -0.04933407822143465; -0.05016127177049564; -16.177827568153198; 42.936958109878255; 102.00796697294037; -10.111325221682357; -32.249456388379805; 78.00848922251511; -0.05087481149695226; -0.0492614944614083; -0.05017732994403749; -13.144576394917777; 5.343750860749225; 90.00822809772774;0.2 
Arucotag time, tag1 xyz, tag2 xyz, tag1 rollpitchyaw (xyz), tag2 -- xyz zerod averaged -- expo weight; 7.08127713203; -0.05088708041038906; -0.049580445964519125; -0.05002968305937776; -0.05095422789351112; -0.04971625917267218; -0.05001587014068263; -16.10525214348305; 42.85527822197392; 102.00186581261414; -10.29935007102101; -32.42795236235756; 77.85744299647845; -0.05092065415195009; -0.04964835256859565; -0.0500227766000302; -13.20230110725203; 5.21366292980818; 89.9296544045463;0.2 
Arucotag time, tag1 xyz, tag2 xyz, tag1 rollpitchyaw (xyz), tag2 -- xyz zerod averaged -- expo weight; 7.12165117264; -0.05096705618605245; -0.04990135470796142; -0.0500785295447814; -0.05102734365359536; -0.050010593796483045; -0.05020833903636492; -15.835435814593687; 42.703705534224504; 101.82009470412747; -10.39343914674627; -32.940120842584115; 77.92595224622377; -0.050997199919823905; -0.04995597425222223; -0.05014343429057316; -13.114437480669977; 4.881792345820195; 89.87302347517561;0.2 
Arucotag time, tag1 xyz, tag2 xyz, tag1 rollpitchyaw (xyz), tag2 -- xyz zerod averaged -- expo weight; 7.16142201424; -0.05096554239760581; -0.05008574085327727; -0.05016317131607661; -0.05098469435271827; -0.050200367075019126; -0.04993921846962997; -15.545284082165193; 42.56126964961913; 101.67420533876823; -10.677521118185428; -32.99001852325987; 77.65656144906943; -0.05097511837516204; -0.0501430539641482; -0.050051194892853285; -13.11140260017531; 4.785625563179629; 89.66538339391883;0.2 
Arucotag time, tag1 xyz, tag2 xyz, tag1 rollpitchyaw (xyz), tag2 -- xyz zerod averaged -- expo weight; 7.20077514648; -0.050954824504321025; -0.05035021089395302; -0.05025359415432481; -0.050954427818723155; -0.05049059224835937; -0.050023550009867204; -15.4103315800327; 42.5333459179103; 101.60497360460151; -10.718362382133058; -33.321259717140926; 77.78098376801164; -0.05095462616152209; -0.050420401571156195; -0.050138572082096; -13.06434698108288; 4.606043100384689; 89.69297868630657;0.2 
Arucotag time, tag1 xyz, tag2 xyz, tag1 rollpitchyaw (xyz), tag2 -- xyz zerod averaged -- expo weight; 7.24161314964; -0.05091392173506566; -0.05062284925237735; -0.050118180065099924; -0.05093629930307132; -0.05072365771511081; -0.050153245219112644; -14.992003307070487; 42.17598463036359; 101.37409327906879; -10.896459625005654; -33.83407583576815; 77.76561498603607; -0.05092511051906849; -0.05067325348374408; -0.050135712642106284; -12.94423146603807; 4.17095439729772; 89.56985413255242;0.2 
Arucotag time, tag1 xyz, tag2 xyz, tag1 rollpitchyaw (xyz), tag2 -- xyz zerod averaged -- expo weight; 7.28079915047; -0.05085978815631599; -0.05079448148736475; -0.05014724289418323; -0.05088887327075831; -0.05089064182959344; -0.050061146767054886; -14.676696126935674; 41.82313460227925; 101.2572622925534; -11.052395030602653; -34.1373233972619; 77.74290079296364; -0.050874330713537155; -0.0508425616584791; -0.05010419483061906; -12.864545578769164; 3.8429056025086723; 89.50008154275852;0.2 
Arucotag time, tag1 xyz, tag2 xyz, tag1 rollpitchyaw (xyz), tag2 -- xyz zerod averaged -- expo weight; 7.32153105736; -0.050855033950470196; -0.050925967759223464; -0.050322938937315195; -0.05085816031689654; -0.05103280867222746; -0.050135689814427606; -14.474375687564837; 41.57319916425394; 101.2226361421693; -11.247908129546884; -34.532347157609635; 77.66897675996117; -0.05085659713368337; -0.050979388215725466; -0.0502293143758714; -12.861141908555862; 3.5204260033221537; 89.44580645106524;0.2 
Arucotag time, tag1 xyz, tag2 xyz, tag1 rollpitchyaw (xyz), tag2 -- xyz zerod averaged -- expo weight; 7.36329507828; -0.05080970430046586; -0.05105189620664254; -0.05015192927655189; -0.05082195348245042; -0.051127673970237736; -0.050037867339465726; -14.1865961977413; 41.22173204837977; 101.01784040395233; -11.518594975564783; -34.682725684242776; 77.40574584579188; -0.05081582889145814; -0.05108978508844014; -0.05009489830800881; -12.852595586653042; 3.2695031820684974; 89.21179312487212;0.2 
Arucotag time, tag1 xyz, tag2 xyz, tag1 rollpitchyaw (xyz), tag2 -- xyz zerod averaged -- expo weight; 7.40255022049; -0.05078260088837368; -0.051095454898756436; -0.050026699269087545; -0.05083817339111246; -0.05115666750151; -0.04993407219713897; -13.814572108409525; 40.641685599689794; 100.78971202519188; -11.706456695511775; -34.62272889002079; 77.24734440750889; -0.05081038713974307; -0.051126061200133216; -0.04998038573311325; -12.76051440196065; 3.0094783548345028; 89.01852821635038;0.2 
Arucotag time, tag1 xyz, tag2 xyz, tag1 rollpitchyaw (xyz), tag2 -- xyz zerod averaged -- expo weight; 7.44096016884; -0.050808348743026976; -0.05115612498239029; -0.050102147390673174; -0.05085360543686688; -0.051186150648550824; -0.050014040859700494; -13.587961380813262; 40.33150503027971; 100.64867442544904; -11.809629355572653; -34.5235996353403; 77.20557948693865; -0.050830977089946924; -0.05117113781547056; -0.05005809412518683; -12.698795368192958; 2.9039526974697054; 88.92712695619385;0.2 
Arucotag time, tag1 xyz, tag2 xyz, tag1 rollpitchyaw (xyz), tag2 -- xyz zerod averaged -- expo weight; 7.47885322571; -0.050821759582089225; -0.05093750196674223; -0.05018771891390855; -0.050838025225191624; -0.05092003528261056; -0.0501276685680972; -13.415613064841017; 40.087347233350336; 100.43094425069188; -11.7766734566443; -34.38151151982318; 77.3870373422755; -0.05082989240364043; -0.05092876862467639; -0.05015769374100287; -12.596143260742657; 2.852917856763579; 88.90899079648369;0.2 
Arucotag time, tag1 xyz, tag2 xyz, tag1 rollpitchyaw (xyz), tag2 -- xyz zerod averaged -- expo weight; 7.52060723305; -0.05084334855378443; -0.05058190126472; -0.05025254777827405; -0.050847167755286145; -0.05054145868242815; -0.050173542423461094; -13.359414769902608; 39.95137251458102; 100.35972576310797; -11.724167500898892; -34.246664191542926; 77.58335182059199; -0.05084525815453529; -0.05056167997357408; -0.050213045100867576; -12.54179113540075; 2.8523541615190453; 88.97153879184998;0.2 
Arucotag time, tag1 xyz, tag2 xyz, tag1 rollpitchyaw (xyz), tag2 -- xyz zerod averaged -- expo weight; 7.55945706367; -0.050800539562392485; -0.05022258034996392; -0.050229776611213944; -0.05080806921490718; -0.05019194804040704; -0.050151439489107136; -13.4939653261883; 40.02388896522375; 100.4210080264261; -11.598774860083116; -33.98791635005276; 77.69781035933923; -0.05080430438864983; -0.05020726419518548; -0.05019060805016054; -12.546370093135709; 3.0179863075854954; 89.05940919288267;0.2 
Arucotag time, tag1 xyz, tag2 xyz, tag1 rollpitchyaw (xyz), tag2 -- xyz zerod averaged -- expo weight; 7.59877920151; -0.050741000593695525; -0.0499399646705434; -0.05007162970381709; -0.050804369786899464; -0.04992370443867712; -0.05020810687337011; -13.53895896805421; 39.989983745739075; 100.41651452331227; -11.387992553856431; -33.7585201767585; 77.83932959020665; -0.0507726851902975; -0.04993183455461026; -0.0501398682885936; -12.46347576095532; 3.1157317844902863; 89.12792205675946;0.2 
Arucotag time, tag1 xyz, tag2 xyz, tag1 rollpitchyaw (xyz), tag2 -- xyz zerod averaged -- expo weight; 7.64012503624; -0.05078933000846047; -0.04972731113933907; -0.0502841274492704; -0.050804880249517986; -0.04971012223639166; -0.050170368888925; -13.889496286079497; 40.298696873604385; 100.62557164191726; -11.181878664381708; -33.34721120994859; 77.94381624885612; -0.05079710512898923; -0.049718716687865365; -0.050227248169097696; -12.535687475230603; 3.4757428318278976; 89.28469394538669;0.2 
Arucotag time, tag1 xyz, tag2 xyz, tag1 rollpitchyaw (xyz), tag2 -- xyz zerod averaged -- expo weight; 7.68080711365; -0.050742450218647636; -0.04948559019435869; -0.05008956379376972; -0.0507614185084545; -0.04946393141744349; -0.05020127470344876; -13.905703077415264; 40.397607295035264; 100.54540350075928; -11.063686112348641; -33.08968475907979; 78.03104778186976; -0.05075193436355107; -0.04947476080590109; -0.05014541924860924; -12.484694594881953; 3.6539612679777385; 89.28822564131451;0.2 
Arucotag time, tag1 xyz, tag2 xyz, tag1 rollpitchyaw (xyz), tag2 -- xyz zerod averaged -- expo weight; 7.72070503235; -0.05064371956476225; -0.04924861807511906; -0.04998151404893183; -0.05068718861053084; -0.04921988759242614; -0.05002354569952139; -13.92497943686763; 40.41316332733729; 100.53135679282985; -11.146535549681252; -32.43442823394975; 77.75322157960392; -0.05066545408764654; -0.0492342528337726; -0.05000252987422661; -12.535757493274442; 3.9893675466937673; 89.14228918621689;0.2 
Arucotag time, tag1 xyz, tag2 xyz, tag1 rollpitchyaw (xyz), tag2 -- xyz zerod averaged -- expo weight; 7.76033616066; -0.050564675962172435; -0.04907599201448331; -0.05009100847422425; -0.05059736003028607; -0.04906200480492711; -0.05024313881983387; -14.208158053676668; 40.73510318424963; 100.66050200370528; -10.892507371439896; -32.25376054585959; 77.86799282513132; -0.05058101799622926; -0.04906899840970521; -0.05016707364702906; -12.550332712558282; 4.24067131919502; 89.26424741441829;0.2 
Arucotag time, tag1 xyz, tag2 xyz, tag1 rollpitchyaw (xyz), tag2 -- xyz zerod averaged -- expo weight; 7.80132722855; -0.05059541514292832; -0.04886334497106574; -0.050040185891776265; -0.05067749217631848; -0.04885101170220094; -0.0502208608503665; -14.598581216199156; 40.83074132325806; 100.9025429935672; -10.587544007526704; -32.04863832807242; 78.06295160076944; -0.050636453659623396; -0.04885717833663334; -0.05013052337107138; -12.59306261186293; 4.391051497592819; 89.48274729716832;0.2 
Arucotag time, tag1 xyz, tag2 xyz, tag1 rollpitchyaw (xyz), tag2 -- xyz zerod averaged -- expo weight; 7.87859606743; -0.05079860201172735; -0.04841564581796445; -0.05021295428927086; -0.05079739830007175; -0.0483526960587116; -0.05008759823599832; -14.914548628628618; 41.27828819122794; 101.04282123216643; -10.418216379187832; -31.43809029452764; 78.0294965105571; -0.05079800015589955; -0.04838417093833802; -0.05015027626263459; -12.666382503908224; 4.920098948350148; 89.53615887136176;0.2 
Arucotag time, tag1 xyz, tag2 xyz, tag1 rollpitchyaw (xyz), tag2 -- xyz zerod averaged -- expo weight; 7.95995616913; -0.050577402025045654; -0.04817956444314333; -0.050148454904484406; -0.05060483323115701; -0.04820173036297354; -0.050262590012875225; -15.366729569509367; 41.8792083798723; 101.35986832923537; -10.224496988407171; -31.245431563276327; 78.03089997811016; -0.05059111762810133; -0.04819064740305844; -0.05020552245867982; -12.79561327895827; 5.316888408297988; 89.69538415367276;0.2 
Arucotag time, tag1 xyz, tag2 xyz, tag1 rollpitchyaw (xyz), tag2 -- xyz zerod averaged -- expo weight; 8.00082802773; -0.0505498612422088; -0.048019830474565234; -0.05006240265912991; -0.050612477265343944; -0.04805259738392379; -0.05029005923144977; -15.770729728494551; 42.24410916960038; 101.5599722006115; -9.975665033215451; -31.12961502245181; 78.08504393769672; -0.05058116925377637; -0.04803621392924451; -0.050176230945289835; -12.873197380855; 5.557247073574285; 89.82250806915411;0.2 
Arucotag time, tag1 xyz, tag2 xyz, tag1 rollpitchyaw (xyz), tag2 -- xyz zerod averaged -- expo weight; 8.0386121273; -0.050591425300445; -0.04798120242916193; -0.050150333141237236; -0.050634730457060295; -0.047952717903444526; -0.04998060474189136; -16.287683764546806; 42.77679294732492; 101.93734824000128; -9.887727183822005; -30.743926682239533; 77.9478534417824; -0.050613077878752646; -0.047966960166303224; -0.0500654689415643; -13.087705474184405; 6.016433132542694; 89.94260084089184;0.2 
Arucotag time, tag1 xyz, tag2 xyz, tag1 rollpitchyaw (xyz), tag2 -- xyz zerod averaged -- expo weight; 8.07843017578; -0.05065235218916145; -0.048067646112380465; -0.05023692103017787; -0.050667447287055606; -0.04813862563108992; -0.05025277311344218; -16.7685685189252; 43.32700415780608; 102.32531673532853; -9.706796351503113; -30.905791012214173; 78.05471003368872; -0.05065989973810853; -0.04810313587173519; -0.050244847071810025; -13.237682435214158; 6.210606572795953; 90.19001338450863;0.2 
Arucotag time, tag1 xyz, tag2 xyz, tag1 rollpitchyaw (xyz), tag2 -- xyz zerod averaged -- expo weight; 8.11817312241; -0.05061186259594883; -0.048202124844219305; -0.04999554312185712; -0.050668173162467384; -0.04836285463676673; -0.05025342055394327; -16.943272362768457; 43.51025829354856; 102.42655938760112; -9.659296917577974; -31.212110987491798; 77.90751837514993; -0.050640017879208105; -0.04828248974049302; -0.05012448183790019; -13.301284640173215; 6.149073653028381; 90.16703888137553;0.2 
Arucotag time, tag1 xyz, tag2 xyz, tag1 rollpitchyaw (xyz), tag2 -- xyz zerod averaged -- expo weight; 8.16110301018; -0.05062182550335257; -0.04857077414696803; -0.050192667982886637; -0.05063295089122042; -0.0487103285263821; -0.05024294952883654; -17.200101070474435; 43.88518949404713; 102.61212374702703; -9.731423921987924; -31.50720164846809; 77.8572604287409; -0.050627388197286495; -0.04864055133667507; -0.050217808755861584; -13.465762496231179; 6.188993922789521; 90.23469208788396;0.2 
Arucotag time, tag1 xyz, tag2 xyz, tag1 rollpitchyaw (xyz), tag2 -- xyz zerod averaged -- expo weight; 8.19788503647; -0.05053533210249459; -0.04884215998782179; -0.049995478942348084; -0.0505991525510034; -0.04893725751121747; -0.05015276954181419; -17.063939245598938; 43.7527349860776; 102.47611336360993; -9.817708074346783; -31.642569687278083; 77.91923129556397; -0.050567242326748994; -0.04888970874951963; -0.05007412424208114; -13.44082365997286; 6.055082649399758; 90.19767232958695;0.2 
Arucotag time, tag1 xyz, tag2 xyz, tag1 rollpitchyaw (xyz), tag2 -- xyz zerod averaged -- expo weight; 8.2378180027; -0.050586186789149085; -0.04905684137320564; -0.050240668806950876; -0.05060313394661655; -0.04912648106108128; -0.05006062803409124; -17.27545036698662; 43.80345110703573; 102.74032190653129; -10.117640996027772; -31.74380658634452; 77.65350722184633; -0.05059466036788282; -0.04909166121714346; -0.050150648420521055; -13.696545681507196; 6.029822260345604; 90.1969145641888;0.2 
Arucotag time, tag1 xyz, tag2 xyz, tag1 rollpitchyaw (xyz), tag2 -- xyz zerod averaged -- expo weight; 8.27952504158; -0.05058587949485285; -0.049266720890867054; -0.050125765696668136; -0.05060041367214776; -0.04936202986410696; -0.050172484867229916; -17.2069342111236; 43.652535698741985; 102.77573463161117; -10.346064072662628; -32.12487393260183; 77.64099707745433; -0.05059314658350031; -0.04931437537748701; -0.05014912528194902; -13.776499141893114; 5.763830883070078; 90.20836585453276;0.2 
Arucotag time, tag1 xyz, tag2 xyz, tag1 rollpitchyaw (xyz), tag2 -- xyz zerod averaged -- expo weight; 8.31885123253; -0.050508140988352074; -0.04948785909785341; -0.04994388796392416; -0.0505521958973041; -0.04957445166652228; -0.050141356825203126; -16.841550495219654; 43.232820734072085; 102.51873307246856; -10.635418165697358; -32.369838644579715; 77.46472207645775; -0.05053016844282809; -0.049531155382187844; -0.05004262239456364; -13.738484330458505; 5.431491044746185; 89.99172757446316;0.2 
Arucotag time, tag1 xyz, tag2 xyz, tag1 rollpitchyaw (xyz), tag2 -- xyz zerod averaged -- expo weight; 8.35783410072; -0.05043161425152116; -0.04964902936140185; -0.05006262181438326; -0.05043321314352518; -0.04972479948995173; -0.05013116366904405; -16.653093274937543; 43.02262796361838; 102.39544391434549; -10.96989849659755; -32.570335434065306; 77.14471494558843; -0.050432413697523173; -0.04968691442567679; -0.05009689274171365; -13.811495885767545; 5.226146264776538; 89.77007942996696;0.2 
Arucotag time, tag1 xyz, tag2 xyz, tag1 rollpitchyaw (xyz), tag2 -- xyz zerod averaged -- expo weight; 8.39803409576; -0.0503234743809508; -0.04982892806278903; -0.04999905418171265; -0.050331176257751194; -0.049883897579648104; -0.05002715199243521; -16.650495289259197; 42.706354416147; 102.37979370868118; -11.337644696731374; -32.646261739433776; 77.05627310173755; -0.050327325319350996; -0.04985641282121857; -0.050013103087073935; -13.994069992995286; 5.0300463383566125; 89.71803340520935;0.2 
Arucotag time, tag1 xyz, tag2 xyz, tag1 rollpitchyaw (xyz), tag2 -- xyz zerod averaged -- expo weight; 8.43954610825; -0.0502609003714296; -0.04991150915588624; -0.05004911396288417; -0.05026569239863891; -0.0499347984358215; -0.05011389555666427; -16.66922551263882; 42.364179784111535; 102.421165248516; -11.782637637529465; -32.711036880815854; 76.83502405304311; -0.05026329638503425; -0.04992315379585387; -0.050081504759774215; -14.225931575084143; 4.82657145164784; 89.62809465077956;0.2 
Arucotag time, tag1 xyz, tag2 xyz, tag1 rollpitchyaw (xyz), tag2 -- xyz zerod averaged -- expo weight; 8.4781961441; -0.050173854732656356; -0.04991879976690794; -0.05013568303247565; -0.05012889094724989; -0.04992457519182848; -0.04986079556658579; -16.835658278014854; 42.227140405768324; 102.60064681462036; -12.310189497539643; -32.28154298869125; 76.45375704714417; -0.05015137283995312; -0.04992168747936821; -0.04999823929953072; -14.572923887777248; 4.972798708538537; 89.52720193088226;0.2 
Arucotag time, tag1 xyz, tag2 xyz, tag1 rollpitchyaw (xyz), tag2 -- xyz zerod averaged -- expo weight; 8.51767802238; -0.0500432686724061; -0.04994670931655888; -0.04997676054469647; -0.05006220229150478; -0.04995170685209116; -0.05003595855089203; -16.96214388959852; 41.944915477864825; 102.68219017279895; -12.563864629073477; -32.20858558989375; 76.3504876910192; -0.050052735481955435; -0.04994920808432502; -0.050006359547794255; -14.763004259335997; 4.868164943985537; 89.51633893190908;0.2 
Arucotag time, tag1 xyz, tag2 xyz, tag1 rollpitchyaw (xyz), tag2 -- xyz zerod averaged -- expo weight; 8.55787706375; -0.05001744035615123; -0.04989331231107966; -0.04998014823596762; -0.04999521947102541; -0.04990286751333914; -0.0500305434339312; -17.08507700415367; 41.64533240629196; 102.74049568601963; -12.912856480566452; -32.24647503697747; 76.09307122915524; -0.05000632991358832; -0.0498980899122094; -0.05000534583494941; -14.99896674236006; 4.699428684657246; 89.41678345758743;0.2 
Arucotag time, tag1 xyz, tag2 xyz, tag1 rollpitchyaw (xyz), tag2 -- xyz zerod averaged -- expo weight; 8.59840703011; -0.05005387164973003; -0.049881314218162026; -0.05007505296866967; -0.050038702377688114; -0.04993309329996675; -0.0500448382137438; -17.585913647551127; 41.56141945507109; 103.08585520734754; -13.298220619273504; -32.29030213448293; 75.8078075810107; -0.05004628701370907; -0.04990720375906439; -0.05005994559120673; -15.442067133412316; 4.63555866029408; 89.44683139417913;0.2 
Arucotag time, tag1 xyz, tag2 xyz, tag1 rollpitchyaw (xyz), tag2 -- xyz zerod averaged -- expo weight; 8.63840103149; -0.05003197350124229; -0.04995876581080001; -0.050091323632919425; -0.04999791943064396; -0.050003342604481776; -0.05002495032122125; -18.179882581034327; 41.479914269037494; 103.61066555787382; -13.682061713488617; -32.18321673274496; 75.60198454095823; -0.05001494646594312; -0.049981054207640895; -0.05005813697707034; -15.930972147261471; 4.648348768146267; 89.60632504941603;0.2 
Arucotag time, tag1 xyz, tag2 xyz, tag1 rollpitchyaw (xyz), tag2 -- xyz zerod averaged -- expo weight; 8.67734909058; -0.050009400898774196; -0.049982539870385284; -0.050030316674118835; -0.05000794274215821; -0.04996872733610401; -0.04998911997752966; -18.152494820451118; 41.336260482112294; 103.58423223737094; -13.67515128228102; -32.22427713754077; 75.65060907924735; -0.0500086718204662; -0.04997563360324465; -0.05000971832582425; -15.91382305136607; 4.555991672285764; 89.61742065830914;0.2 
Arucotag time, tag1 xyz, tag2 xyz, tag1 rollpitchyaw (xyz), tag2 -- xyz zerod averaged -- expo weight; 8.7165620327; -0.049984668891423924; -0.04997006166152573; -0.04990513297950498; -0.050000581879328175; -0.0499931058968387; -0.05000622690736866; -18.326717945788683; 41.14358307170743; 103.66081799337306; -13.998133889634557; -32.03324838569096; 75.35827342368913; -0.04999262538537605; -0.049981583779182215; -0.04995567994343682; -16.16242591771162; 4.555167343008236; 89.50954570853109;0.2 
Arucotag time, tag1 xyz, tag2 xyz, tag1 rollpitchyaw (xyz), tag2 -- xyz zerod averaged -- expo weight; 8.75544309616; -0.04998808234162793; -0.04996037372607117; -0.04995907792582057; -0.050007030227032435; -0.049995730502026756; -0.05002402312916773; -18.349543878375336; 40.99794733023193; 103.66966595637224; -13.934535673610444; -32.07393225271818; 75.41698083410779; -0.04999755628433018; -0.04997805211404896; -0.049991550527494155; -16.14203977599289; 4.462007538756875; 89.54332339524001;0.2 
Arucotag time, tag1 xyz, tag2 xyz, tag1 rollpitchyaw (xyz), tag2 -- xyz zerod averaged -- expo weight; 8.79512214661; -0.049983750744687236; -0.049985367205858555; -0.049872318636169546; -0.04999901169851454; -0.04997810281950229; -0.04999976471615168; -18.345604760187033; 40.769972908072845; 103.60442285304865; -14.054511307500537; -32.08209323589718; 75.41891802270655; -0.04999138122160089; -0.049981735012680426; -0.049936041676160614; -16.200058033843785; 4.343939836087831; 89.5116704378776;0.2 
Arucotag time, tag1 xyz, tag2 xyz, tag1 rollpitchyaw (xyz), tag2 -- xyz zerod averaged -- expo weight; 8.83527207375; -0.04997495720639797; -0.049975429737807796; -0.049925622902614555; -0.05000587257210565; -0.05000059345736358; -0.05001366046366178; -18.40294325895302; 40.665269424935865; 103.65352814203288; -14.057193624949674; -32.01863204367024; 75.38372890156077; -0.04999041488925181; -0.04998801159758569; -0.049969641683138166; -16.230068441951346; 4.323318690632814; 89.51862852179683;0.2 
Arucotag time, tag1 xyz, tag2 xyz, tag1 rollpitchyaw (xyz), tag2 -- xyz zerod averaged -- expo weight; 8.87597203255; -0.049984108577272555; -0.04997842095169125; -0.049878434069528126; -0.04999714926948511; -0.049990479052424; -0.050030439022248074; -18.325091370939642; 40.45898043460219; 103.57237813855086; -14.173615313530698; -32.10086637959514; 75.32428581105617; -0.049990628923378834; -0.049984450002057625; -0.0499544365458881; -16.24935334223517; 4.179057027503525; 89.44833197480352;0.2 
Arucotag time, tag1 xyz, tag2 xyz, tag1 rollpitchyaw (xyz), tag2 -- xyz zerod averaged -- expo weight; 8.91558408737; -0.050009698098637596; -0.04998288274505571; -0.050014938720259014; -0.05000903445617087; -0.04999056071245053; -0.050029832328769584; -18.505202400210464; 40.61333966995073; 103.59764708561816; -14.127383255462854; -32.07380030623023; 75.40027776947922; -0.05000936627740424; -0.049986721728753125; -0.050022385524514296; -16.31629282783666; 4.26976968186025; 89.49896242754869;0.2 
Arucotag time, tag1 xyz, tag2 xyz, tag1 rollpitchyaw (xyz), tag2 -- xyz zerod averaged -- expo weight; 8.95635008812; -0.05000484238196562; -0.04995965267094067; -0.04997036850205686; -0.04999714926948511; -0.049990479052424; -0.050030439022248074; -18.61883478676857; 40.55299446940555; 103.71245434372554; -14.229767017941242; -32.14500098964314; 75.33752490539094; -0.05000099582572537; -0.049975065861682336; -0.050000403762152465; -16.424300902354908; 4.203996739881205; 89.52498962455823;0.2 
Arucotag time, tag1 xyz, tag2 xyz, tag1 rollpitchyaw (xyz), tag2 -- xyz zerod averaged -- expo weight; 8.99583411217; -0.049989084505356426; -0.04997355637044428; -0.04995510628506039; -0.049995967070808625; -0.04998351069797148; -0.05002954143587084; -18.68102230392845; 40.51658979681564; 103.70668542535553; -14.235266911214813; -32.14613572175046; 75.31140100975676; -0.049992525788082526; -0.04997853353420788; -0.04999232386046562; -16.458144607571633; 4.185227037532588; 89.50904321755615;0.2 
Arucotag time, tag1 xyz, tag2 xyz, tag1 rollpitchyaw (xyz), tag2 -- xyz zerod averaged -- expo weight; 9.03491020203; -0.04998773098564148; -0.0499672295833949; -0.04995309353743772; -0.049995214422559754; -0.049995129553317925; -0.049984770186854204; -18.69612107632884; 40.54032557367836; 103.72596554935986; -14.26690740425324; -32.047294254147985; 75.25233183515718; -0.04999147270410062; -0.04998117956835641; -0.04996893186214596; -16.48151424029104; 4.246515659765187; 89.48914869225851;0.2 
Arucotag time, tag1 xyz, tag2 xyz, tag1 rollpitchyaw (xyz), tag2 -- xyz zerod averaged -- expo weight; 9.07810616493; -0.0500280046906558; -0.04997296678204255; -0.050074690383809475; -0.05000895318599943; -0.05000290797099337; -0.050060045254278616; -18.862394869510673; 40.61092918941588; 103.87008437973792; -14.351679711797345; -32.201110431649575; 75.24116596638379; -0.050018478938327615; -0.04998793737651796; -0.05006736781904404; -16.60703729065401; 4.204909378883151; 89.55562517306086;0.2 
Arucotag time, tag1 xyz, tag2 xyz, tag1 rollpitchyaw (xyz), tag2 -- xyz zerod averaged -- expo weight; 9.16108703613; -0.050007169257542484; -0.04997218896825347; -0.04997812387214935; -0.05000895318599943; -0.05000290797099337; -0.050060045254278616; -18.862696702863214; 40.59551446588552; 103.82924546584151; -14.41949755783263; -32.32416337365085; 75.23223327136508; -0.050008061221770955; -0.049987548469623416; -0.05001908456321398; -16.641097130347923; 4.135675546117337; 89.53073936860329;0.2 
Arucotag time, tag1 xyz, tag2 xyz, tag1 rollpitchyaw (xyz), tag2 -- xyz zerod averaged -- expo weight; 9.20205712318; -0.04998458233939206; -0.049971736816476875; -0.04987636786243406; -0.049997811950407416; -0.04997112585855223; -0.04999883218624529; -18.78040494731616; 40.45324440074597; 103.74887996300059; -14.365876159021143; -32.22615411113538; 75.29490525104609; -0.04999119714489974; -0.049971431337514555; -0.049937600024339675; -16.573140553168653; 4.113545144805297; 89.52189260702335;0.2 
Arucotag time, tag1 xyz, tag2 xyz, tag1 rollpitchyaw (xyz), tag2 -- xyz zerod averaged -- expo weight; 9.23688006401; -0.04998737506303031; -0.04997577219445344; -0.04991896623794265; -0.050025949014711926; -0.05001470848616754; -0.05011902021025399; -18.723765959750672; 40.43720737159441; 103.6712335568837; -14.490868413847734; -32.38659976151035; 75.22145749624634; -0.05000666203887112; -0.04999524034031049; -0.05001899322409832; -16.607317186799204; 4.025303805042032; 89.44634552656503;0.2 
Arucotag time, tag1 xyz, tag2 xyz, tag1 rollpitchyaw (xyz), tag2 -- xyz zerod averaged -- expo weight; 9.27603507042; -0.05004540430007397; -0.049978120687932434; -0.05009923360602364; -0.05000895318599943; -0.05000290797099337; -0.050060045254278616; -18.845996459665084; 40.60121592512625; 103.85352941594297; -14.53084851947294; -32.47255483753946; 75.21646649525512; -0.0500271787430367; -0.0499905143294629; -0.05007963943015113; -16.688422489569014; 4.0643305437933925; 89.53499795559904;0.2 
Arucotag time, tag1 xyz, tag2 xyz, tag1 rollpitchyaw (xyz), tag2 -- xyz zerod averaged -- expo weight; 9.31575608253; -0.04998708949091071; -0.049982629530245286; -0.04991329711499502; -0.049995967070808625; -0.04998351069797148; -0.05002954143587084; -18.839292420560316; 40.600041157481286; 103.77443860425389; -14.47613211244017; -32.408178800067525; 75.21455428164812; -0.04999152828085967; -0.04998307011410838; -0.04997141927543293; -16.657712266500244; 4.095931178706881; 89.494496442951;0.2 
